{"uvs":[[0.375,0.0,0.625,0.0,0.375,0.25,0.625,0.25,0.375,0.5,0.625,0.5,0.375,0.75,0.625,0.75,0.375,1.0,0.625,1.0,0.875,0.0,0.875,0.25,0.125,0.0,0.125,0.25,0.0,0.0,0.4933333098888397,0.0,0.0,1.0,0.4933333098888397,1.0,0.375,0.0,0.625,0.0,0.375,0.25,0.625,0.25,0.375,0.5,0.625,0.5,0.375,0.75,0.625,0.75,0.375,1.0,0.625,1.0,0.875,0.0,0.875,0.25,0.125,0.0,0.125,0.25,0.375,0.0,0.625,0.0,0.375,0.25,0.625,0.25,0.375,0.5,0.625,0.5,0.375,0.75,0.625,0.75,0.375,1.0,0.625,1.0,0.875,0.0,0.875,0.25,0.125,0.0,0.125,0.25,0.375,0.0,0.625,0.0,0.375,0.25,0.625,0.25,0.375,0.5,0.625,0.5,0.375,0.75,0.625,0.75,0.375,1.0,0.625,1.0,0.875,0.0,0.875,0.25,0.125,0.0,0.125,0.25,0.0,0.0,0.4933333098888397,0.0,0.0,1.0,0.4933333098888397,1.0,0.375,0.0,0.625,0.0,0.625,0.25,0.375,0.25,0.625,0.5,0.375,0.5,0.625,0.75,0.375,0.75,0.625,1.0,0.375,1.0,0.875,0.0,0.875,0.25,0.125,0.0,0.125,0.25,0.375,0.0,0.625,0.0,0.625,0.25,0.375,0.25,0.625,0.5,0.375,0.5,0.625,0.75,0.375,0.75,0.625,1.0,0.375,1.0,0.875,0.0,0.875,0.25,0.125,0.0,0.125,0.25,0.375,0.0,0.625,0.0,0.625,0.25,0.375,0.25,0.625,0.5,0.375,0.5,0.625,0.75,0.375,0.75,0.625,1.0,0.375,1.0,0.875,0.0,0.875,0.25,0.125,0.0,0.125,0.25,0.375,0.0,0.625,0.0,0.625,0.25,0.375,0.25,0.625,0.5,0.375,0.5,0.625,0.75,0.375,0.75,0.625,1.0,0.375,1.0,0.875,0.0,0.875,0.25,0.125,0.0,0.125,0.25]],"animations":[{"hierarchy":[],"length":0.9583333333333334,"name":"skeletalAction.001","fps":1}],"faces":[43,0,1,3,2,0,0,1,3,2,0,1,2,3,43,2,3,5,4,0,2,3,5,4,4,5,6,7,43,4,5,7,6,0,4,5,7,6,8,9,10,11,43,6,7,1,0,0,6,7,9,8,12,13,14,15,43,1,7,5,3,0,1,10,11,3,16,17,18,19,43,6,0,2,4,0,12,0,2,13,20,21,22,23,43,8,9,11,10,0,14,15,17,16,24,25,26,27,43,12,13,15,14,0,18,19,21,20,28,29,30,31,43,14,15,17,16,0,20,21,23,22,32,33,34,35,43,16,17,19,18,0,22,23,25,24,36,37,38,39,43,18,19,13,12,0,24,25,27,26,40,41,42,43,43,13,19,17,15,0,19,28,29,21,44,45,46,47,43,18,12,14,16,0,30,18,20,31,48,49,50,51,43,20,21,23,22,0,32,33,35,34,52,53,54,55,43,22,23,25,24,0,34,35,37,36,56,57,58,59,43,24,25,27,26,0,36,37,39,38,60,61,62,63,43,26,27,21,20,0,38,39,41,40,64,65,66,67,43,21,27,25,23,0,33,42,43,35,68,69,70,71,43,26,20,22,24,0,44,32,34,45,72,73,74,75,43,28,29,31,30,0,46,47,49,48,76,77,78,79,43,30,31,33,32,0,48,49,51,50,80,81,82,83,43,32,33,35,34,0,50,51,53,52,84,85,86,87,43,34,35,29,28,0,52,53,55,54,88,89,90,91,43,29,35,33,31,0,47,56,57,49,92,93,94,95,43,34,28,30,32,0,58,46,48,59,96,97,98,99,43,36,37,39,38,0,60,61,63,62,100,101,102,103,43,40,41,43,42,0,64,65,66,67,104,105,106,107,43,42,43,45,44,0,67,66,68,69,108,109,110,111,43,44,45,47,46,0,69,68,70,71,112,113,114,115,43,46,47,41,40,0,71,70,72,73,116,117,118,119,43,41,47,45,43,0,65,74,75,66,120,121,122,123,43,46,40,42,44,0,76,64,67,77,124,125,126,127,43,48,49,51,50,0,78,79,80,81,128,129,130,131,43,50,51,53,52,0,81,80,82,83,132,133,134,135,43,52,53,55,54,0,83,82,84,85,136,137,138,139,43,54,55,49,48,0,85,84,86,87,140,141,142,143,43,49,55,53,51,0,79,88,89,80,144,145,146,147,43,54,48,50,52,0,90,78,81,91,148,149,150,151,43,56,57,59,58,0,92,93,94,95,152,153,154,155,43,58,59,61,60,0,95,94,96,97,156,157,158,159,43,60,61,63,62,0,97,96,98,99,160,161,162,163,43,62,63,57,56,0,99,98,100,101,164,165,166,167,43,57,63,61,59,0,93,102,103,94,168,169,170,171,43,62,56,58,60,0,104,92,95,105,172,173,174,175,43,64,65,67,66,0,106,107,108,109,176,177,178,179,43,66,67,69,68,0,109,108,110,111,180,181,182,183,43,68,69,71,70,0,111,110,112,113,184,185,186,187,43,70,71,65,64,0,113,112,114,115,188,189,190,191,43,65,71,69,67,0,107,116,117,108,192,193,194,195,43,70,64,66,68,0,118,106,109,119,196,197,198,199],"vertices":[-4.99781457,5e-08,10.0016966,-4.65432411,5e-08,10.0016966,-4.99781457,2.29925471,10.0016966,-4.65432411,2.29925471,10.0016966,-4.99781457,2.29925471,-9.96511553,-4.65432411,2.29925471,-9.96511553,-4.99781457,5e-08,-9.96511553,-4.65432411,5e-08,-9.96511553,-4.90071951,-0.0,10.0145141,4.9539882,-0.0,10.0145141,-4.90071951,0.0,-9.96124541,4.9539882,0.0,-9.96124541,5.02555959,5e-08,10.00629694,5.02555959,5e-08,9.66280649,5.02555959,2.29925471,10.00629694,5.02555959,2.29925471,9.66280649,-4.95784648,2.29925471,10.00629694,-4.95784648,2.29925471,9.66280649,-4.95784648,5e-08,10.00629694,-4.95784648,5e-08,9.66280649,4.68440209,5e-08,10.0016966,5.02789254,5e-08,10.0016966,4.68440209,2.29925471,10.0016966,5.02789254,2.29925471,10.0016966,4.68440209,2.29925471,-9.96511553,5.02789254,2.29925471,-9.96511553,4.68440209,5e-08,-9.96511553,5.02789254,5e-08,-9.96511553,5.02555959,5e-08,-9.63636138,5.02555959,5e-08,-9.97985183,5.02555959,2.29925471,-9.63636138,5.02555959,2.29925471,-9.97985183,-4.95784648,2.29925471,-9.63636138,-4.95784648,2.29925471,-9.97985183,-4.95784648,5e-08,-9.63636138,-4.95784648,5e-08,-9.97985183,-4.90071964,-0.0,10.01451397,4.95398808,-0.0,10.01451397,-4.90071964,0.0,-9.96124554,4.95398808,0.0,-9.96124554,-4.99781466,0.0,10.00169659,-4.65432405,0.0,10.00169659,-4.99781466,2.29925466,10.00169659,-4.65432405,2.29925466,10.00169659,-4.99781466,2.29925466,-9.96511555,-4.65432405,2.29925466,-9.96511555,-4.99781466,0.0,-9.96511555,-4.65432405,0.0,-9.96511555,4.68440199,0.0,10.00169659,5.02789259,0.0,10.00169659,4.68440199,2.29925466,10.00169659,5.02789259,2.29925466,10.00169659,4.68440199,2.29925466,-9.96511555,5.02789259,2.29925466,-9.96511555,4.68440199,0.0,-9.96511555,5.02789259,0.0,-9.96511555,5.02555943,0.0,10.00629711,5.02555943,0.0,9.66280651,5.02555943,2.29925466,10.00629711,5.02555943,2.29925466,9.66280651,-4.95784664,2.29925466,10.00629711,-4.95784664,2.29925466,9.66280651,-4.95784664,0.0,10.00629711,-4.95784664,0.0,9.66280651,5.02555943,0.0,-9.63636112,5.02555943,0.0,-9.97985172,5.02555943,2.29925466,-9.63636112,5.02555943,2.29925466,-9.97985172,-4.95784664,2.29925466,-9.63636112,-4.95784664,2.29925466,-9.97985172,-4.95784664,0.0,-9.63636112,-4.95784664,0.0,-9.97985172],"materials":[{"colorDiffuse":[0.4000000059604645,0.4000000059604645,0.4000000059604645],"depthWrite":true,"transparency":1.0,"blending":"NormalBlending","shading":"Lambert","DbgName":"lambert1","colorAmbient":[0.0,0.0,0.0],"transparent":false,"depthTest":true,"vertexColors":false}],"skinWeights":[0,0,0,0,0,0,0,0,0,0,0,0,0,0,0,0,0,0,0,0,0,0,0,0,0,0,0,0,0,0,0,0,0,0,0,0,0,0,0,0,0,0,0,0,0,0,0,0,0,0,0,0,0,0,0,0,0,0,0,0,0,0,0,0,0,0,0,0,0,0,0,0,0,0,0,0,0,0,0,0,0,0,0,0,0,0,0,0,0,0,0,0,0,0,0,0,0,0,0,0,0,0,0,0,0,0,0,0,0,0,0,0,0,0,0,0,0,0,0,0,0,0,0,0,0,0,0,0,0,0,0,0,0,0,0,0,0,0,0,0,0,0,0,0,0,0,0,0,0,0,0,0,0,0,0,0,0,0,0,0,0,0,0,0,0,0,0,0,0,0,0,0,0,0,0,0,0,0,0,0,0,0,0,0,0,0,0,0,0,0,0,0,0,0,0,0,0,0,0,0,0,0,0,0,0,0,0,0,0,0,0,0,0,0,0,0,0,0,0,0,0,0,0,0,0,0,0,0,0,0,0,0,0,0,0,0,0,0,0,0,0,0,0,0,0,0,0,0,0,0,0,0,0,0,0,0,0,0,0,0,0,0,0,0,0,0,0,0,0,0,0,0,0,0,0,0,0,0,0,0,0,0,0,0,0,0,0,0],